,BND_ARIMA_Forecast
2025-01-01,69.14793850916125
2025-01-02,69.14233231093452
2025-01-03,69.15694736287506
2025-01-06,69.16871556850025
2025-01-07,69.16371112240604
2025-01-08,69.15222638588196
2025-01-09,69.15010178936473
2025-01-10,69.15770160992871
2025-01-13,69.16322258929856
2025-01-14,69.16031215513358
2025-01-15,69.15463449750014
2025-01-16,69.15391452050402
2025-01-17,69.15784168815784
2025-01-20,69.16040856689229
2025-01-21,69.15875733998442
2025-01-22,69.1559641554736
2025-01-23,69.15577604108509
2025-01-24,69.15779356149785
2025-01-27,69.15897466539586
2025-01-28,69.15805553662476
2025-01-29,69.15668826402378
2025-01-30,69.15668009056704
2025-01-31,69.15771087317263
2025-02-03,69.15824775138853
2025-02-04,69.15774388306484
2025-02-05,69.1570780668494
2025-02-06,69.15711669162202
2025-02-07,69.15764058328628
2025-02-10,69.157881067223
2025-02-11,69.1576083059816
2025-02-12,69.15728583655462
2025-02-13,69.15732628879226
2025-02-14,69.15759121651062
2025-02-17,69.15769699135113
2025-02-18,69.15755090522003
2025-02-19,69.15739562494188
2025-02-20,69.15742626348452
2025-02-21,69.15755958074989
2025-02-24,69.15760502559975
2025-02-25,69.15752750477277
2025-02-26,69.15745319312684
2025-02-27,69.15747361560099
2025-02-28,69.15754038199665
2025-03-03,69.15755929690759
2025-03-04,69.15751849464868
2025-03-05,69.15748316978753
2025-03-06,69.15749586930745
2025-03-07,69.15752914758846
2025-03-10,69.15753666746129
2025-03-11,69.1575153482005
2025-03-12,69.1574986797774
2025-03-13,69.15750623629718
2025-03-14,69.15752274429099
2025-03-17,69.15752552322091
2025-03-18,69.15751445780101
2025-03-19,69.15750665726861
2025-03-20,69.15751101746179
2025-03-21,69.15751916708135
2025-03-24,69.15752006229964
2025-03-25,69.1575143541413
2025-03-26,69.15751073767892
2025-03-27,69.15751319669987
2025-03-28,69.15751720027959
2025-03-31,69.15751740007778
2025-04-01,69.15751447233424
2025-04-02,69.15751281376407
2025-04-03,69.15751417608853
2025-04-04,69.15751613296713
2025-04-07,69.15751610920718
2025-04-08,69.15751461566711
2025-04-09,69.15751386471428
2025-04-10,69.15751460866345
2025-04-11,69.15751556013264
2025-04-14,69.15751548683916
2025-04-15,69.1575147288665
2025-04-16,69.15751439411096
2025-04-17,69.1575147955305
2025-04-18,69.15751525559996
2025-04-21,69.15751518859906
2025-04-22,69.15751480584322
2025-04-23,69.15751465950207
2025-04-24,69.15751487389582
2025-04-25,69.15751509505145
2025-04-28,69.15751504662124
2025-04-29,69.15751485427809
2025-04-30,69.15751479191202
2025-05-01,69.15751490540218
2025-05-02,69.15751501104131
2025-05-05,69.1575149795197
2025-05-06,69.15751488332488
2025-05-07,69.15751485766071
2025-05-08,69.15751491726473
2025-05-09,69.15751496737856
2025-05-12,69.15751494806058
2025-05-13,69.15751490017996
2025-05-14,69.15751489015219
2025-05-15,69.15751492123387
2025-05-16,69.15751494482683
2025-05-19,69.15751493344544
2025-05-20,69.15751490972654
2025-05-21,69.15751490613046
2025-05-22,69.15751492223364
2025-05-23,69.1575149332464
2025-05-26,69.15751492672655
2025-05-27,69.15751491503347
2025-05-28,69.15751491394875
2025-05-29,69.15751492224165
2025-05-30,69.1575149273323
2025-06-02,69.15751492367568
2025-06-03,69.1575149179396
2025-06-04,69.15751491775438
2025-06-05,69.1575149220011
2025-06-06,69.15751492432769
2025-06-09,69.15751492231085
2025-06-10,69.15751491951133
2025-06-11,69.15751491959671
2025-06-12,69.15751492175983
2025-06-13,69.15751492280887
2025-06-16,69.15751492171154
2025-06-17,69.15751492035248
2025-06-18,69.15751492048344
2025-06-19,69.15751492157963
2025-06-20,69.15751492204487
2025-06-23,69.1575149214546
2025-06-24,69.15751492079855
2025-06-25,69.15751492090759
2025-06-26,69.15751492146035
2025-06-27,69.15751492166238
2025-06-30,69.15751492134797
2025-07-01,69.15751492103315
2025-07-02,69.15751492110907
2025-07-03,69.15751492138646
2025-07-04,69.15751492147182
2025-07-07,69.15751492130578
2025-07-08,69.1575149211557
2025-07-09,69.15751492120411
2025-07-10,69.15751492134265
2025-07-11,69.15751492137733
2025-07-14,69.15751492129031
2025-07-15,69.15751492121926
2025-07-16,69.15751492124855
2025-07-17,69.15751492131741
2025-07-18,69.1575149213307
2025-07-21,69.15751492128541
2025-07-22,69.15751492125204
2025-07-23,69.15751492126915
2025-07-24,69.15751492130322
2025-07-25,69.15751492130781
2025-07-28,69.15751492128439
2025-07-29,69.15751492126886
2025-07-30,69.15751492127859
2025-07-31,69.15751492129536
2025-08-01,69.15751492129662
2025-08-04,69.15751492128459
2025-08-05,69.15751492127742
2025-08-06,69.15751492128285
2025-08-07,69.15751492129107
2025-08-08,69.15751492129118
2025-08-11,69.15751492128503
2025-08-12,69.15751492128177
2025-08-13,69.15751492128476
2025-08-14,69.15751492128877
2025-08-15,69.15751492128857
2025-08-18,69.15751492128544
2025-08-19,69.15751492128398
2025-08-20,69.1575149212856
2025-08-21,69.15751492128754
2025-08-22,69.15751492128732
2025-08-25,69.15751492128572
2025-08-26,69.15751492128508
2025-08-27,69.15751492128595
2025-08-28,69.15751492128689
2025-08-29,69.15751492128672
2025-09-01,69.15751492128592
2025-09-02,69.15751492128564
2025-09-03,69.1575149212861
2025-09-04,69.15751492128655
2025-09-05,69.15751492128643
2025-09-08,69.15751492128604
2025-09-09,69.15751492128592
2025-09-10,69.15751492128616
2025-09-11,69.15751492128638
2025-09-12,69.1575149212863
2025-09-15,69.15751492128611
2025-09-16,69.15751492128607
2025-09-17,69.1575149212862
2025-09-18,69.15751492128629
2025-09-19,69.15751492128625
2025-09-22,69.15751492128615
2025-09-23,69.15751492128614
2025-09-24,69.15751492128621
2025-09-25,69.15751492128625
2025-09-26,69.15751492128622
2025-09-29,69.15751492128618
2025-09-30,69.15751492128618
2025-10-01,69.15751492128621
2025-10-02,69.15751492128624
2025-10-03,69.15751492128622
2025-10-06,69.1575149212862
2025-10-07,69.1575149212862
2025-10-08,69.15751492128621
2025-10-09,69.15751492128622
2025-10-10,69.15751492128621
2025-10-13,69.1575149212862
2025-10-14,69.1575149212862
2025-10-15,69.15751492128621
2025-10-16,69.15751492128621
2025-10-17,69.15751492128621
2025-10-20,69.15751492128621
2025-10-21,69.15751492128621
2025-10-22,69.15751492128621
2025-10-23,69.15751492128621
2025-10-24,69.15751492128621
2025-10-27,69.15751492128621
2025-10-28,69.15751492128621
2025-10-29,69.15751492128621
2025-10-30,69.15751492128621
2025-10-31,69.15751492128621
2025-11-03,69.15751492128621
2025-11-04,69.15751492128621
2025-11-05,69.15751492128621
2025-11-06,69.15751492128621
2025-11-07,69.15751492128621
2025-11-10,69.15751492128621
2025-11-11,69.15751492128621
2025-11-12,69.15751492128621
2025-11-13,69.15751492128621
2025-11-14,69.15751492128621
2025-11-17,69.15751492128621
2025-11-18,69.15751492128621
2025-11-19,69.15751492128621
2025-11-20,69.15751492128621
2025-11-21,69.15751492128621
2025-11-24,69.15751492128621
2025-11-25,69.15751492128621
2025-11-26,69.15751492128621
2025-11-27,69.15751492128621
2025-11-28,69.15751492128621
2025-12-01,69.15751492128621
2025-12-02,69.15751492128621
2025-12-03,69.15751492128621
2025-12-04,69.15751492128621
2025-12-05,69.15751492128621
2025-12-08,69.15751492128621
2025-12-09,69.15751492128621
2025-12-10,69.15751492128621
2025-12-11,69.15751492128621
2025-12-12,69.15751492128621
2025-12-15,69.15751492128621
2025-12-16,69.15751492128621
2025-12-17,69.15751492128621
2025-12-18,69.15751492128621
2025-12-19,69.15751492128621
2025-12-22,69.15751492128621
2025-12-23,69.15751492128621
2025-12-24,69.15751492128621
2025-12-25,69.15751492128621
2025-12-26,69.15751492128621
2025-12-29,69.15751492128621
2025-12-30,69.15751492128621
2025-12-31,69.15751492128621
2026-01-01,69.15751492128621
2026-01-02,69.15751492128621
2026-01-05,69.15751492128621
2026-01-06,69.15751492128621
2026-01-07,69.15751492128621
2026-01-08,69.15751492128621
2026-01-09,69.15751492128621
2026-01-12,69.15751492128621
2026-01-13,69.15751492128621
2026-01-14,69.15751492128621
2026-01-15,69.15751492128621
