,TSLA_LSTM_Forecast
2025-01-01,440.51422
2025-01-02,438.93744
2025-01-03,437.8978
2025-01-06,437.225
2025-01-07,436.76218
2025-01-08,436.43915
2025-01-09,436.20175
2025-01-10,436.02264
2025-01-13,435.8901
2025-01-14,435.78943
2025-01-15,435.6988
2025-01-16,435.62283
2025-01-17,435.56128
2025-01-20,435.51694
2025-01-21,435.473
2025-01-22,435.4375
2025-01-23,435.41876
2025-01-24,435.39246
2025-01-27,435.379
2025-01-28,435.38336
2025-01-29,435.39575
2025-01-30,435.37415
2025-01-31,435.3512
2025-02-03,435.319
2025-02-04,435.2968
2025-02-05,435.29938
2025-02-06,435.29883
2025-02-07,435.29034
2025-02-10,435.26468
2025-02-11,435.23096
2025-02-12,435.1906
2025-02-13,435.18106
2025-02-14,435.169
2025-02-17,435.1553
2025-02-18,435.14102
2025-02-19,435.12646
2025-02-20,435.11182
2025-02-21,435.09717
2025-02-24,435.08267
2025-02-25,435.06845
2025-02-26,435.05435
2025-02-27,435.0405
2025-02-28,435.02686
2025-03-03,435.01343
2025-03-04,435.0002
2025-03-05,434.98727
2025-03-06,434.97455
2025-03-07,434.96204
2025-03-10,434.94974
2025-03-11,434.93765
2025-03-12,434.92578
2025-03-13,434.91418
2025-03-14,434.90277
2025-03-17,434.89157
2025-03-18,434.88046
2025-03-19,434.86963
2025-03-20,434.85895
2025-03-21,434.84848
2025-03-24,434.83823
2025-03-25,434.82812
2025-03-26,434.81818
2025-03-27,434.80835
2025-03-28,434.79877
2025-03-31,434.78925
2025-04-01,434.78006
2025-04-02,434.77097
2025-04-03,434.76193
2025-04-04,434.75314
2025-04-07,434.74448
2025-04-08,434.73596
2025-04-09,434.72766
2025-04-10,434.71945
2025-04-11,434.7114
2025-04-14,434.7034
2025-04-15,434.69562
2025-04-16,434.688
2025-04-17,434.68048
2025-04-18,434.67303
2025-04-21,434.66577
2025-04-22,434.65863
2025-04-23,434.6516
2025-04-24,434.64468
2025-04-25,434.63788
2025-04-28,434.6312
2025-04-29,434.62466
2025-04-30,434.6182
2025-05-01,434.61185
2025-05-02,434.60562
2025-05-05,434.59955
2025-05-06,434.5935
2025-05-07,434.58762
2025-05-08,434.58176
2025-05-09,434.5761
2025-05-12,434.57047
2025-05-13,434.5649
2025-05-14,434.5596
2025-05-15,434.55423
2025-05-16,434.54898
2025-05-19,434.54382
2025-05-20,434.53876
2025-05-21,434.53384
2025-05-22,434.52896
2025-05-23,434.52417
2025-05-26,434.51947
2025-05-27,434.51483
2025-05-28,434.51022
2025-05-29,434.5058
2025-05-30,434.50134
2025-06-02,434.49704
2025-06-03,434.4928
2025-06-04,434.48865
2025-06-05,434.4845
2025-06-06,434.4805
2025-06-09,434.4765
2025-06-10,434.47256
2025-06-11,434.46878
2025-06-12,434.465
2025-06-13,434.4613
2025-06-16,434.45767
2025-06-17,434.4541
2025-06-18,434.45056
2025-06-19,434.44708
2025-06-20,434.44376
2025-06-23,434.4404
2025-06-24,434.4372
2025-06-25,434.43393
2025-06-26,434.43076
2025-06-27,434.42764
2025-06-30,434.42465
2025-07-01,434.42163
2025-07-02,434.41864
2025-07-03,434.4158
2025-07-04,434.4129
2025-07-07,434.4101
2025-07-08,434.40735
2025-07-09,434.40466
2025-07-10,434.40204
2025-07-11,434.39938
2025-07-14,434.39688
2025-07-15,434.3943
2025-07-16,434.3918
2025-07-17,434.3894
2025-07-18,434.38702
2025-07-21,434.38464
2025-07-22,434.38232
2025-07-23,434.38007
2025-07-24,434.3778
2025-07-25,434.3756
2025-07-28,434.37347
2025-07-29,434.37134
2025-07-30,434.36923
2025-07-31,434.3672
2025-08-01,434.3652
2025-08-04,434.36325
2025-08-05,434.36124
2025-08-06,434.35934
2025-08-07,434.35748
2025-08-08,434.35562
2025-08-11,434.3538
2025-08-12,434.35205
2025-08-13,434.35025
2025-08-14,434.34854
2025-08-15,434.34683
2025-08-18,434.34518
2025-08-19,434.34354
2025-08-20,434.34198
2025-08-21,434.34033
2025-08-22,434.3388
2025-08-25,434.33728
2025-08-26,434.33575
2025-08-27,434.33426
2025-08-28,434.3328
2025-08-29,434.3314
2025-09-01,434.32996
2025-09-02,434.32864
2025-09-03,434.32724
2025-09-04,434.3259
2025-09-05,434.32465
2025-09-08,434.3234
2025-09-09,434.32208
2025-09-10,434.3208
2025-09-11,434.31964
2025-09-12,434.31836
2025-09-15,434.31723
2025-09-16,434.31598
2025-09-17,434.3149
2025-09-18,434.31378
2025-09-19,434.3127
2025-09-22,434.31165
2025-09-23,434.31052
2025-09-24,434.3095
2025-09-25,434.30844
2025-09-26,434.3075
2025-09-29,434.3065
2025-09-30,434.3055
2025-10-01,434.30447
2025-10-02,434.30362
2025-10-03,434.3027
2025-10-06,434.30173
2025-10-07,434.30084
2025-10-08,434.30002
2025-10-09,434.2991
2025-10-10,434.29828
2025-10-13,434.2974
2025-10-14,434.29666
2025-10-15,434.29587
2025-10-16,434.29498
2025-10-17,434.29422
2025-10-20,434.2935
2025-10-21,434.29272
2025-10-22,434.29205
2025-10-23,434.29126
2025-10-24,434.29056
2025-10-27,434.2899
2025-10-28,434.28912
2025-10-29,434.28848
2025-10-30,434.28778
2025-10-31,434.28717
2025-11-03,434.28656
2025-11-04,434.28592
2025-11-05,434.28525
2025-11-06,434.28467
2025-11-07,434.28403
2025-11-10,434.2835
2025-11-11,434.2829
2025-11-12,434.2823
2025-11-13,434.28174
2025-11-14,434.28122
2025-11-17,434.2807
2025-11-18,434.28012
2025-11-19,434.2796
2025-11-20,434.2791
2025-11-21,434.27863
2025-11-24,434.2781
2025-11-25,434.27765
2025-11-26,434.27713
2025-11-27,434.2767
2025-11-28,434.2762
2025-12-01,434.27573
2025-12-02,434.27527
2025-12-03,434.2748
2025-12-04,434.27438
2025-12-05,434.27405
2025-12-08,434.2736
2025-12-09,434.27316
2025-12-10,434.27277
2025-12-11,434.27237
2025-12-12,434.2719
2025-12-15,434.2716
2025-12-16,434.27118
2025-12-17,434.2708
2025-12-18,434.27048
2025-12-19,434.27008
2025-12-22,434.26974
2025-12-23,434.2694
2025-12-24,434.26904
2025-12-25,434.2687
2025-12-26,434.26837
2025-12-29,434.26807
2025-12-30,434.26773
2025-12-31,434.26746
2026-01-01,434.26712
2026-01-02,434.26685
2026-01-05,434.2665
2026-01-06,434.26624
2026-01-07,434.266
2026-01-08,434.26572
2026-01-09,434.26538
2026-01-12,434.2652
2026-01-13,434.26486
2026-01-14,434.26462
2026-01-15,434.26434
